date,txVolume(USD),adjustedTxVolume(USD),txCount,marketcap(USD),price(USD),exchangeVolume(USD),generatedCoins,fees,activeAddresses,averageDifficulty,paymentCount,medianTxValue(USD),medianFee,blockSize,blockCount
2017-11-13,,,,0,277,45916500,,,,,,,,,
2017-11-14,,,,0,253.21,39340400,,,,,,,,,
2017-11-15,,,,0,160.54,30094100,,,,,,,,,
2017-11-16,12852783.3092,10028220.2097,5090,0,161.87,27949200,1887.49999985,0.6987999,19187,3246568.7323,12155,161.866357925,2.278E-05,3893483,151
2017-11-17,18768116.123,15343376.8391,5059,0,138.75,24935100,1799.99999984,4.38828602,15323,2988552.06532,10599,141.090693075,2.622E-05,3483477,144
2017-11-18,17648111.525,13832488.7117,5993,0,153.07,24642900,1887.49999996,4.04755235,19932,2909324.81655,14657,221.1892114,3.42E-05,4628962,151
2017-11-19,17580055.2668,13834166.6133,4636,0,154.91,19503400,1699.99999996,0.9303063,15071,3489825.11507,8905,203.690816649,2.281E-05,3606402,136
2017-11-20,127876884.637,68331897.2685,14294,0,135.2,93826896,1912.5,6.3746348,56520,2724814.72349,14313,303.796978264,6.41E-05,11813794,153
2017-11-21,246198643.261,173879662.037,25481,0,250.85,370782016,2137.49999996,11.06228395,80004,5154291.53934,21929,501.978428449,2.575E-05,18881595,171
2017-11-22,181608640.722,166634699.286,11965,0,264.18,111451000,1812.5,8.03925191,77019,4973247.91154,18614,424.711003261,2.25E-05,19492626,145
2017-11-23,92479311.5833,66492052.6639,10930,0,241.97,154038000,1924.99999991,7.84789094,42422,4984716.07522,17349,370.852670929,2.27E-05,9843659,154
2017-11-24,381455111.673,239914837.188,22061,0,295.75,537472000,1962.5,7.2356648,73395,7122678.78789,28333,1010.84721374,5E-05,15743304,157
2017-11-25,381400726.135,162186859.289,13333,0,394.04,208662000,1800,3.79134717,77362,6976159.47258,22373,756.048058896,1.93E-05,18831785,144
2017-11-26,440330678.321,145975313.71,15488,5930455040,355.72,141228000,1837.49999999,3.49975986,138204,6879050.52308,25657,232.720525708,3.42E-05,44424813,147
2017-11-27,413057365.444,175266771.573,11717,6172135936,370.18,129160000,1899.99999994,2.89751696,106654,6575275.03379,25877,370.821540449,1.94E-05,23114049,152
2017-11-28,183434497.771,119806036.169,9906,5992372736,359.36,101004000,1787.49999999,1.86211841,34311,7126543.14971,20109,564.188264352,1.93E-05,7357422,143
2017-11-29,162601428.638,114378433.162,9679,5493507584,329.4,252312992,1987.49999997,2.03023923,33078,6220226.41809,20289,545.328620694,1.93E-05,7238456,159
2017-11-30,94074278.2608,66298842.6914,5924,4909144064,294.33,151331008,1899.99999999,1.35363791,21417,5673668.72249,16045,441.961048009,1.93E-05,4767957,152
2017-12-01,115624130.235,92683461.1637,5667,5076655104,304.34,134598000,1924.99999999,1.21715588,21805,5816425.8783,17998,475.159276522,1.93E-05,4718321,154
2017-12-02,89979183.5342,77035819.9369,5800,5196893696,311.51,88196704,1799.99999999,1.10406844,28764,6185241.48233,11702,368.50309394,1.93E-05,5416042,144
2017-12-03,82962747.3569,69541577.2248,6328,4986078720,298.84,252844000,1937.49999999,1.38404888,22201,5976406.49332,18275,358.585049088,1.93E-05,5183549,155
2017-12-04,99461009.1387,76501978.8722,5483,5373318144,322.01,130453000,1824.99999998,1.12656662,19917,6101224.25247,12430,447.484452021,1.93E-05,4334644,146
2017-12-05,111911815.595,82706400.1818,5519,5498369536,329.47,113206000,1837.49999998,1.17269512,19529,6085587.8043,13922,502.776099451,1.93E-05,4246095,147
2017-12-06,97049989.6903,64456602.5828,6546,5101521408,305.66,156602000,1600,1.2888388,25205,4549224.55046,15818,524.377504129,1.93E-05,5457124,128
2017-12-07,92647917.9633,67049160.383,5394,4657538560,279.03,137884992,1924.99999996,1.28959173,19661,3887632.0319,16646,500.977390315,1.93E-05,4204634,154
2017-12-08,71007177.0671,54898844.7788,5119,4235357952,253.71,178502000,1699.99999993,1.18202936,23312,4981432.19968,24487,423.690803397,1.93E-05,5287054,136
2017-12-09,86422358.3044,59836020.0349,4736,4354925568,260.84,105017000,1874.9999999,1.7118588,19299,4050213.30494,22672,410.73537341,1.93E-05,7806608,150
2017-12-10,59631412.793,43517020.9162,4418,4090460160,244.98,140891008,1737.4999999,1.02467348,17854,4791122.64474,19331,330.721000963,1.93E-05,3966658,139
2017-12-11,86350285.1963,67200687.1762,5425,3829552640,229.33,265127008,1924.99999993,1.74647184,21854,4283772.27819,21626,380.429629459,1.93E-05,4820889,154
2017-12-12,56091834.1572,49244534.6336,6687,4247982592,254.35,205848992,1874.99999987,2.13936087,26544,4116691.0844,22701,356.085091045,2.26E-05,5961517,150
2017-12-13,61254489.019,42682825.9183,6805,4611859968,276.11,221863008,1824.99999989,1.93893682,25714,4672233.33466,25800,508.174518635,1.94E-05,5629851,146
2017-12-14,105987032.262,83366695.7866,6604,4534152192,271.43,467875008,1874.99999991,1.59085631,26483,4285061.14505,24264,454.880444095,1.93E-05,6024644,150
2017-12-15,82338981.9851,67012039.5426,5258,5293818880,316.87,175999008,1787.49999989,1.32099984,21671,4517200.76209,24699,446.50612429,1.93E-05,4816012,143
2017-12-16,49736841.8158,38936555.4789,5714,4963497984,297.06,136415008,1924.99999991,1.2325521,22611,4541078.56023,22440,407.112355879,1.93E-05,4778436,154
2017-12-17,66839972.0026,47915054.2043,5877,4973114880,297.61,120807000,1774.99999992,1.56894457,40111,4775828.64003,21947,537.376654325,1.93E-05,7450640,142
2017-12-18,110931059.173,82613203.3248,6117,5013623296,300,313796992,1837.49999989,1.83484248,26381,4268577.76973,22230,531.968469,1.93E-05,6374955,147
2017-12-19,76211264.4939,63824927.5742,6659,5345273344,319.81,413363008,1924.99999999,1.53137232,31339,4546447.15814,18133,456.082502532,1.93E-05,9110862,154
2017-12-20,151621760.359,103296332.798,9382,5923723776,354.38,983169024,1874.99999993,2.27443327,32312,4854783.86363,20326,552.895404771,1.93E-05,8526244,150
2017-12-21,126852855.092,90157070.2885,7009,7518780928,449.75,352177984,1924.99999992,1.50092579,26661,4577497.32853,20677,539.271824508,1.93E-05,5915204,154
2017-12-22,105968495.771,68964608.6405,4881,6962704384,416.44,313312992,1712.49999995,1.1429871,18932,4598962.57588,15902,654.677973834,1.93E-05,4073147,137
2017-12-23,33035524.13,24849568.024,4557,5162847232,308.76,217778000,1862.49999997,0.84882892,19257,4395975.64351,17534,344.80549149,1.93E-05,4272868,149
2017-12-24,38402915.7745,32023898.3102,3443,5594765824,334.55,144898000,1924.99999993,0.65179163,13885,4436668.13428,14677,424.1926725,1.93E-05,3048880,154
2017-12-25,45792115.5458,36918191.7005,3659,5142773248,307.49,104619000,1899.99999993,0.82478433,14843,4278210.82104,16496,369.956885615,1.93E-05,3958697,152
2017-12-26,44489195.8023,40524066.2276,3782,5115713536,305.83,110025000,1812.49999999,0.72922149,18429,4244271.35715,12481,366.990097481,1.93E-05,4394872,145
2017-12-27,24551765.6978,21244118.6124,4690,5145585664,307.59,135076992,1837.49999999,0.85872062,23672,4222892.36486,12895,331.496063974,1.93E-05,4744811,147
2017-12-28,31042908.9142,20955030.1723,4054,5333486592,318.78,134169000,1937.49999996,0.74959362,14828,3872836.89552,12916,330.872039467,1.93E-05,2941038,155
2017-12-29,30535741.9873,26111007.2326,4268,4781709824,285.77,114615000,1887.49999997,0.5756716,16566,3443511.90922,12724,533.043680395,1.93E-05,3695294,151
2017-12-30,38916589.6984,34127565.4854,3911,4704375808,281.12,96001296,1824.99999997,0.6216014,15107,4253492.28861,13330,354.895311142,1.93E-05,3358612,146
2017-12-31,20899253.5626,17856899.8407,3364,4186099200,250.12,78952096,1762.49999998,0.40896483,13221,3596181.13917,13930,278.551673156,1.93E-05,2842646,141
2018-01-01,42951151.5894,35292823.9282,3395,4379176960,261.63,143836000,1849.99999995,0.62964733,13400,3646756.09152,13623,392.428671672,1.93E-05,3403492,148
2018-01-02,47638608.0123,40337142.0454,4094,4610459136,275.42,117571000,1862.49999995,0.93382006,16295,3514714.48874,13218,436.025904215,1.93E-05,3916553,149
2018-01-03,52509327.7336,45416347.2808,4583,4622802944,276.12,106643000,1774.99999999,0.93311528,16111,3311217.50121,14257,413.256165988,1.93E-05,4476601,142
2018-01-04,48970528.6549,40731206.4663,4702,4561520128,272.43,136988000,1924.99999999,0.92013885,17385,3223670.24809,12114,417.183157798,1.93E-05,3947938,154
2018-01-05,56313170.5432,46486284.3664,4049,4598032384,274.58,175164992,1737.49999998,0.85264457,15067,3322821.25331,12853,478.418562479,1.93E-05,3698426,139
2018-01-06,46705956.5836,38153543.5495,4196,4646526976,277.45,172099008,1899.99999996,0.58142292,14788,3012103.25074,12897,483.501743919,1.93E-05,3366424,152
2018-01-07,253091038.512,247837823.094,4139,5018027520,299.6,203684000,1762.49999996,0.71603124,18124,2838878.2992,12094,572.607626836,1.93E-05,5118562,141
2018-01-08,162691846.576,102747253.826,3921,5063527424,302.28,164036000,2187.49999998,0.62370249,14582,2750078.41263,12225,525.286359642,1.93E-05,3561104,175
2018-01-09,155570923.617,107487890.916,3887,4005018880,239.06,152475008,1824.99999998,0.64216732,14232,2949752.22278,13956,436.941561191,1.93E-05,3433145,146
2018-01-10,84851415.8511,59548130.8386,3503,4035920128,240.88,131618000,1937.49999993,0.48596561,12857,2478546.0835,12158,469.215564574,1.93E-05,3064973,155
2018-01-11,36069892.7832,31655694.7388,3523,4066712320,242.69,122452000,1924.99999996,0.48396887,13474,2751249.97293,11304,386.453110154,1.93E-05,3080238,154
2018-01-12,36012269.3234,30392497.1825,3153,3546908160,211.64,113420000,1812.49999998,0.45092,10872,2558640.62651,10066,237.339635676,1.93E-05,2704793,145
2018-01-13,184611747.924,68539952.5907,6830,3694425856,220.42,1160489984,2199.99999997,1.49590562,21712,2655401.96358,15374,538.693488445,1.93E-05,7714812,176
2018-01-14,121297712.745,68707033.0456,5876,5683573248,339.06,851848000,1987.46670759,1.35414985,20049,3226343.37641,13822,679.426638913,1.93E-05,6859418,162
2018-01-15,53719310.6325,46352420.4371,4673,4633359872,276.37,1688999936,1862.49999996,0.84783923,22071,3359391.32419,12021,585.359265702,1.93E-05,9844398,149
2018-01-16,41446149.8117,35791087.5075,3864,4465809408,266.35,439329984,1824.99999997,0.57787954,12903,3234170.78844,12057,332.506127531,1.93E-05,2891639,146
2018-01-17,26969390.8676,20647214.8672,3167,3184024064,189.88,347983008,1937.49999997,0.49132326,12438,2981792.5098,11689,601.979315361,1.93E-05,2974994,155
2018-01-18,21654278.9886,16263092.0035,3043,3132566272,186.79,248324992,1937.49999996,0.78271656,10895,2717174.65438,10602,475.620313644,1.93E-05,2762926,155
2018-01-19,38589411.8372,23960731.391,4791,3239172096,193.12,667273984,1774.99999994,1.42429814,27267,3178113.69235,11161,211.495087976,1.286E-05,6239056,142
2018-01-20,19638130.5118,15904938.3101,4363,3676256000,219.16,288868992,1987.49999998,0.83149177,16327,2936807.97833,12626,220.002288862,1.359E-05,4156749,159
2018-01-21,16457633.524,14102862.1794,3631,3869277184,230.64,182216992,2012.49999994,0.49332687,12233,2960194.77361,10761,230.407134324,1.93E-05,2891453,161
2018-01-22,30306260.3867,21122279.4404,3644,3357641216,200.12,222920000,1899.99999998,0.77302022,12715,3353273.15469,11014,266.474941091,1.93E-05,3241941,152
2018-01-23,33971806.43,28442296.8477,3334,3186393088,189.89,104756000,1874.99999998,0.39474571,13554,3262969.18599,12794,232.724605752,1.25E-05,3516849,150
2018-01-24,18354087.9391,14076692.7642,4035,3172505344,189.04,89823400,1937.49999999,0.50253771,14671,3141941.91196,13191,236.299300552,1.213E-05,3718364,155
2018-01-25,18036760.1984,12707781.2839,3532,3240296960,193.06,65369400,1787.49999999,0.78378335,12465,3002174.94617,10496,241.633148858,1.213E-05,3166549,143
2018-01-26,20554469.6866,17462180.387,3282,3133805312,186.69,90095696,1974.99999996,0.62125433,13112,3047751.71149,11372,248.425675995,1.526E-05,3096645,158
2018-01-27,12082200.9074,9674724.62901,2905,3049247744,181.63,55528300,1924.99999998,0.4954337,12550,3033698.61835,10786,262.179032648,1.214E-05,2930916,154
2018-01-28,19288997.9218,16421726.7503,3303,3136398080,186.8,130075000,1899.99999996,0.52352556,11272,2962574.12375,8612,277.950403092,1.376E-05,2705437,152
2018-01-29,19255179.4159,16619254.4502,3032,3171783424,188.89,49388600,1912.49999998,0.44065277,14711,3072447.98591,10678,330.264881056,1.25E-05,6778615,153
2018-01-30,26608039.3881,24737089.0916,2968,3061917184,182.33,47888900,1812.49999999,0.32100841,10398,3239592.4069,8861,446.517172015,1.129E-05,2345737,145
2018-01-31,21624960.1712,18342592.1325,2764,2659444992,158.35,56636600,2087.49999997,0.47398232,10862,3047585.15853,10883,396.362678412,1.214E-05,2563010,167
2018-02-01,20958722.7452,17371268.7848,3362,2635294976,156.89,51720700,1837.49999997,0.46910224,12105,3063561.67092,11119,271.699133641,1.93E-05,3042337,147
2018-02-02,14978629.6278,13244216.0945,2918,2148411648,127.89,84321296,1862.49999995,0.46302221,11003,2766794.77474,11115,296.120503841,1.865E-05,2762728,149
2018-02-03,7597206.20451,6525105.91167,2298,1850862208,110.16,42576100,2062.49999998,0.31148909,8672,2667629.01627,9995,232.381777522,1.6E-05,2084387,165
2018-02-04,7650897.51467,6663847.8205,2142,1909447040,113.64,52606600,1987.49999999,0.30574422,8031,2842255.64955,10001,237.64614307,1.227E-05,1944874,159
2018-02-05,9251608.81666,7781633.67769,2903,1696000000,100.92,33394900,1862.49999996,0.31678445,10206,2816967.63347,9848,180.69337458,1.93E-05,2316804,149
2018-02-06,16575689.9445,15271092.4319,2499,1433166080,85.27,47319600,2087.49999998,0.34619871,9788,2599641.13213,9835,257.841291708,1.249E-05,2353597,167
2018-02-07,16579371.2381,13290672.3316,2227,1556436224,92.6,35079700,1812.49999998,0.24203883,8193,2727316.10565,8146,193.117685216,1.249E-05,2134881,145
2018-02-08,15923094.1734,14724166.3203,2174,1472269312,87.58,95463000,2024.99999997,0.29907763,7881,2555051.00404,9361,238.677536004,1.87E-05,1998778,162
2018-02-09,18083241.2268,15301034.7926,2883,1747087744,103.91,110290000,1762.49999997,0.42373522,11580,2957418.86179,9029,357.595364841,1.93E-05,3135892,141
2018-02-10,13896080.8473,11888987.205,2770,2779924480,165.33,72058400,1974.99999997,0.31020908,9880,3348431.72851,9925,412.844585739,1.525E-05,2347437,158
2018-02-11,6458546.41644,5083897.61152,1958,2183775232,129.86,53976000,1999.99999998,0.34387012,9009,2796510.61483,8542,198.44735886,1.582E-05,5427991,160
2018-02-12,6488140.04861,5444196.32074,2253,2076469504,123.46,32417600,2050,0.2556619,8551,2806137.67566,8995,252.829067212,1.41E-05,1918041,164
2018-02-13,7790512.33177,7007474.74668,2219,1941270400,115.41,84443104,1912.49999993,0.73869275,11529,2982001.12008,7009,277.407244247,1.826E-05,4019193,153
2018-02-14,8383036.36344,7203486.19379,2417,2046054272,121.63,84193696,1712.49999999,0.50007434,10459,2796694.5866,9853,219.16385759,1.865E-05,2442525,137
2018-02-15,7076824.8066,5952310.13931,2259,2156782336,128.19,52837400,2037.49999996,0.44316962,8512,2727247.36019,8057,256.375180056,1.228E-05,2081150,163
2018-02-16,8788254.58594,7624994.84752,2390,2225457408,132.26,83658704,2024.99999998,2.76687677,9045,2767557.18561,8643,208.292716206,1.93E-05,2402106,162
2018-02-17,5812530.35357,5052173.4945,2361,2374743040,141.13,53976000,2412.49999998,0.66557633,8562,2795062.80913,8209,216.038574946,1.558E-05,2818659,193
2018-02-18,7444930.84277,6236259.1232,2347,2415213312,143.5,65481300,2012.49999997,0.47847384,8537,3021724.51272,8559,169.01016146,1.92E-05,2023351,161
2018-02-19,7599015.70025,5436696.65437,2175,2214224640,131.54,43253800,2037.5,0.84404115,8377,2820076.19638,8625,202.463531998,1.671E-05,2766999,163
2018-02-20,104713604.745,102609476.898,13292,2376921088,141.19,52897600,2262.49999999,1.26081788,20093,2852217.9315,8401,1.9183682966,1E-05,16493370,181
2018-02-21,7156875.78317,5989137.9143,1969,2224630016,132.13,40865000,1924.99999997,0.45329348,7953,3233265.24766,9193,241.314555247,1.93E-05,2210698,154
2018-02-22,20754624.2601,20009759.0846,1886,2075829120,123.28,42122500,1900,0.98367987,7951,3114388.47409,8221,226.033142786,1.93E-05,2145537,152
2018-02-23,5594848.15608,4779687.76463,1813,1999054336,118.7,46248700,2024.99990081,0.61024025,6912,3429383.23165,7116,186.935483168,1.93E-05,1878026,163
2018-02-24,6731181.22994,5566097.76364,1729,2086508544,123.89,24640700,1862.49999988,0.86347171,7708,3301227.21823,7599,198.612599569,1.93E-05,1998009,150
2018-02-25,7934973.15253,6353023.67763,1794,1984793984,117.83,19969000,1974.99999998,0.57265205,7358,3202575.91427,7728,252.79253031,1.93E-05,1694576,158
2018-02-26,7247523.50914,5821612.2179,1907,1940899712,115.21,24567900,1837.49999999,0.28362635,7935,3367723.89603,7178,223.159893229,1.93E-05,1916870,147
2018-02-27,11540845.7797,11095808.6792,2472,2019350144,119.85,36913200,2062.5,1.30799397,11250,3097652.79039,7630,313.861387044,1.584E-05,3567658,166
2018-02-28,15607459.6744,12299280.2842,4140,2028149888,120.36,21112300,1899.99999998,0.86581941,37333,3258659.51335,8211,29.4191302104,9.849E-05,20939209,152
2018-03-01,9981844.78303,7514417.59455,4093,1905436416,113.07,26936600,2162.49999997,0.57896304,34991,3315155.95517,8242,24.9817400736,9.849E-05,20933976,173
2018-03-02,76797750.6908,9147419.04447,4675,1914133888,113.57,30317000,1712.49999998,2.58719201,35832,3691981.8874,8235,22.8846650461,9.849E-05,22272386,137
2018-03-03,8502441.8811,6422272.59359,4618,1881287168,111.61,19943900,2087.49999998,0.97296976,35872,3190554.39009,9510,20.1130684528,9.849E-05,23592780,167
2018-03-04,4926283.60169,4227475.37407,4533,1882255616,111.65,19616800,2162.49999999,1.32989421,34260,3081405.0789,8665,18.3548681085,9.849E-05,29964123,173
2018-03-05,6555657.46556,5526780.5593,4644,1906274048,113.06,22328900,1812.49957855,1.37216546,37896,3152392.21573,7367,17.4471331582,9.849E-05,22710895,146
2018-03-06,8522340.32511,6963080.1508,4335,1867671168,110.76,25065500,2262.49999999,1.1350718,37632,3163884.06855,7386,16.155348378,9.849E-05,22005929,181
2018-03-07,8356103.06135,7020426.79725,4508,1738567296,103.09,28628100,1949.99999999,1.15931893,39051,3300245.18804,7198,13.1956787586,9.849E-05,21977452,156
2018-03-08,6607542.13644,5728708.13144,3577,1543256960,91.5,22878700,1949.99999999,1.35690454,29973,3111025.21482,7043,10.531753395,9.849E-05,16846973,156
2018-03-09,4904530.67267,4154607.44721,1901,1466934656,86.96,27151600,2249.99999997,0.94495557,7315,3110449.46112,7137,270.41020815,1.262E-05,1867096,180
2018-03-10,4938351.35101,3651845.53199,1700,1446155008,85.72,19514900,2149.99999998,0.84474171,7008,2953397.80549,6757,246.13464474,1.87E-05,1782006,172
2018-03-11,3537113.29434,2891065.99124,1529,1368071808,81.08,18510800,1749.99999999,0.72876194,6213,3173817.80928,6066,165.401635156,1.404E-05,1607181,140
2018-03-12,7361038.67792,6822620.20375,1539,1428882048,84.68,16334300,1862.49999999,0.77401173,6742,3041711.97465,6044,279.935005125,1.249E-05,1570850,149
2018-03-13,7126326.74739,6092203.40904,1604,1345497344,79.72,17303400,2137.49999999,0.6892623,7636,2857889.99884,7828,180.165753082,1.25E-05,2535248,171
2018-03-14,43307375.0845,33414903.2663,1881,1335083136,79.1,23511600,2224.99999999,1.11169941,7185,2841242.87406,6616,333.727797081,1.214E-05,1844614,178
2018-03-15,158449198.602,50535257.6133,2213,1156827136,68.53,31260500,2062.49999999,1.31956561,9545,2870687.44396,10186,665.315029895,1.323E-05,2356719,165
2018-03-16,296162082.091,87680048.572,1928,1118530432,66.25,28649700,1799.99999999,0.75909104,6798,2894601.06866,6875,331.884949275,1.214E-05,1898242,144
2018-03-17,42367475.3933,24159876.2832,1752,1067124672,63.2,15795900,1950,0.82503251,6810,2954218.33958,7798,323.563173072,1.214E-05,1937607,156
2018-03-18,16800030.1402,12059645.0561,1753,989678912,58.61,26012900,1637.49999997,0.71027113,6313,3281551.25491,6211,293.143820544,1.213E-05,1526284,131
2018-03-19,57703994.6626,35865535.9432,2228,1010314304,59.83,42187500,2087.5,0.81678977,7443,2723182.82862,8312,203.438997703,1E-05,1842668,167
2018-03-20,87268619.545,38768904.1387,2068,1155148544,68.39,42417800,2100,1.06035749,7429,2892241.96217,8177,276.587816792,1.003E-05,2332806,168
2018-03-21,210104422.954,61212497.802,4433,1120951296,66.36,32135500,2012.5,1.67113933,34918,2944574.07016,9404,6.9616968708,9.849E-05,21180757,161
2018-03-22,91544445.3638,59882133.2279,3925,1104114176,65.35,25006000,1824.99999997,0.84827047,36170,2993365.84857,7579,6.0427779185,9.849E-05,21060623,146
2018-03-23,166864584.6,51332193.0526,4081,1045033856,61.85,25689800,2037.5,1.10215405,33769,2748677.21376,8396,5.179729684,9.849E-05,21946435,163
2018-03-24,32170638.3028,23053616.8258,3839,1026142080,60.72,24780300,2037.5,0.90331787,23634,2813613.12819,8007,4.5480196872,9.849E-05,21629985,163
2018-03-25,6935896.84942,5984373.3823,2583,1014053184,60,19231100,2049.99999998,0.96094326,21782,2927837.17946,6906,5.517147,9.849E-05,11491496,164
2018-03-26,14407674.7093,11105192.8183,2230,1022779136,60.51,20747400,1887.49999998,0.65716996,12408,2969345.22438,7977,163.307308818,2.245E-05,6889932,151
2018-03-27,17492263.9771,13276046.8044,2610,954444992,56.46,14757300,1924.99999999,0.84461117,24870,2727912.4822,6205,35.469213687,9.71E-05,11916438,154
2018-03-28,14214196.7362,8749412.48032,2092,889811968,52.63,14219400,2299.99999999,0.87975871,11926,2562114.32239,6672,340.410260544,3.74E-05,7817762,184
2018-03-29,54436604.8788,12591323.0944,3526,899545856,53.2,16339100,1837.5,1.40065924,24473,2854994.15287,7071,34.4123402,9.849E-05,19382238,147
2018-03-30,3046054.99809,2425742.05769,3705,772804224,45.7,13761600,2349.99999999,0.9728308,34808,2608589.69367,7289,2.938347765,9.849E-05,21708746,188
2018-03-31,6804549.37348,4507824.57541,3411,752990016,44.52,7037180,2149.99999999,0.88182843,34810,2517718.67056,6870,2.6668152252,9.849E-05,21126305,172
2018-04-01,16864887.2576,8930536.30056,3498,750955200,44.4,8668900,1787.49999999,1.16841049,31417,2726924.43727,6631,2.410498644,9.849E-05,21553181,143
2018-04-02,2809823.48678,2215562.38362,3641,700666112,41.42,8366690,2324.99999999,0.96226229,33392,2416614.08114,7893,2.0813189646,9.849E-05,25111307,186
2018-04-03,4157631.04152,2986724.99433,3864,727916608,43.02,21330600,1687.5,1.03220455,33838,2767427.33779,7802,1.9998767628,9.849E-05,21648829,135
2018-04-04,7459302.69976,6408100.03584,3545,792658112,46.84,11470400,2049.99999998,1.03503192,33479,2586477.09939,7487,2.0110866416,9.849E-05,21389611,164
2018-04-05,6671318.41197,3801427.8452,3731,713157952,42.14,15492900,2375,1.2111007,32400,2183185.25678,6280,1.6560548032,9.849E-05,21440446,190
2018-04-06,6540844.93215,4995257.24049,2643,703937216,41.59,7731100,1974.99999999,0.48304773,23685,2538017.40108,6590,1.5380863708,9.849E-05,13295997,158
2018-04-07,2524835.47079,2120209.32419,1235,672738688,39.74,6153040,1812.49999999,0.51274874,5454,2528102.2826,5596,134.397419333,1.074E-05,1351527,145
2018-04-08,3014418.80778,2332763.01945,1235,697696064,41.21,5044870,2100,0.69474664,4898,2406189.34201,7100,131.158491296,1.213E-05,1396707,168
2018-04-09,7375333.35419,5503139.807,1316,712689280,42.09,8747160,2049.99999999,0.63580717,5831,2329467.87289,7538,204.382643162,1.085E-05,1453485,164
2018-04-10,3449661.51087,3038469.67788,1572,698010624,41.22,7640680,2237.5,0.69906157,11589,2289165.94212,6803,435.314556054,2.445E-05,4776568,179
2018-04-11,6008359.8524,4954854.40717,3011,691164288,40.81,13074500,1762.49999999,0.90820767,28584,2503783.04806,7590,1.4528976231,9.849E-05,15465675,141
2018-04-12,64418652.6264,12025234.7274,1703,718333824,42.41,30858900,1912.49999999,0.73543691,6670,2287197.46191,7770,301.564700908,9.66E-06,1807483,153
2018-04-13,6492827.59638,4825282.70854,1758,786202112,46.41,22189300,2162.5,0.86335934,6923,2185010.98329,6884,255.517068452,1.074E-05,1775162,173
2018-04-14,2401759.80883,1623909.62503,1426,764040960,45.1,10333700,1887.49999999,0.78505591,6158,2257802.95839,7026,135.299066881,1.214E-05,1540966,151
2018-04-15,3066772.8966,2459927.04209,1387,775518464,45.77,14013200,2187.5,0.68384301,5946,2108591.91253,6306,196.800022523,1.09E-05,1477741,175
2018-04-16,6536759.30752,5059074.35361,2207,829161728,48.93,63597200,1937.49999999,0.87332939,13721,2498505.00047,8009,184.096248895,1.558E-05,4633352,155
2018-04-17,7298207.57842,5921799.98113,4006,894223552,52.76,20651400,1975,1.23797154,62698,2449050.94249,8395,2.0377357624,0.00010543,44458864,158
2018-04-18,16796229.8424,11130083.6715,4046,866301184,51.11,26852500,2262.49999999,1.52914738,53784,2367926.38292,8199,1.8563565991,0.00010543,55316962,181
2018-04-19,5679101.20364,4493850.96312,3010,938127104,55.34,37101100,1837.49999999,1.0834604,23512,2574652.40846,7397,63.774704207,3.74E-05,32784337,147
2018-04-20,8119909.97859,6447755.87403,2082,1015290112,59.89,70074096,1862.5,0.79471351,8619,2483032.37369,7278,457.941116069,1.93E-05,2336994,149
2018-04-21,9643615.857,8199135.66523,2049,1185844480,69.94,48952400,2312.5,0.71558916,8989,2412895.2187,7573,305.134576105,1.3E-05,2608348,185
2018-04-22,4600747.12051,4058437.68847,1691,1130071424,66.64,25525000,1812.49999997,0.9705582,7650,2847842.94136,7783,226.575872051,1.3E-05,1878888,145
2018-04-23,24112375.1515,16421045.0553,2643,1116617728,65.84,114377000,2062.49999997,0.96458219,13296,2755827.89059,8426,461.368157512,1.225E-05,5653196,166
2018-04-24,37769879.9403,28074437.7288,3376,1322495488,77.97,148078000,1837.5,0.8958191,16350,3018419.88027,9534,632.267474335,1.107E-05,3893120,147
2018-04-25,16077098.632,12902928.5299,4088,1428344704,84.2,89533400,2112.49999999,1.15946366,28440,2700542.74502,8714,63.695139428,5.062E-05,16672992,169
2018-04-26,8391859.69898,7177673.81758,2090,1211113088,71.39,49274200,2037.5,1.06831949,9952,2655468.30286,7867,412.940947124,1.806E-05,3750288,163
2018-04-27,9577167.60171,8103561.64254,2139,1344732544,79.25,31251900,2087.49999999,0.85672074,15865,2570617.22199,8085,465.92630836,1.34E-05,5800035,167
2018-04-28,6185571.30856,5404136.86118,1809,1245573376,73.4,24300200,2162.5,0.80887721,8892,2600798.70174,7691,257.728066504,1.9E-05,3511488,173
2018-04-29,9697491.9057,8664928.73975,1920,1321075712,77.84,47669300,2149.99999998,0.73437426,9347,2624028.31611,7165,389.199551642,1.2E-05,3978304,172
2018-04-30,11257353.6256,7970656.73281,1982,1335353344,78.67,24958700,2012.49999999,0.67443363,9202,2669961.11472,7998,512.026926764,1.18E-05,3585566,161
2018-05-01,6044642.85589,4796424.72369,1623,1244078336,73.28,20320400,2099.99999999,0.5250817,8109,2432139.3804,7245,308.78586655,1.41E-05,3166743,168
2018-05-02,7987643.58094,5685618.10691,1862,1216440704,71.65,33903200,2075,0.57649846,9997,2528745.49168,7590,402.965519007,1.89E-05,3618396,166
2018-05-03,11523337.3711,8913433.29848,2130,1290693120,76.01,38523900,1987.5,0.72247506,9348,2647286.44741,8485,475.343220892,1.228E-05,3679789,159
2018-05-04,23783565.387,22051080.8638,3970,1306328704,76.92,26634700,2050,1.08638913,37111,2553244.21693,7065,2.61228012,9.043E-05,25290092,164
2018-05-05,32012714.6036,18411570.0044,4419,1273598080,74.99,61619100,2137.5,0.79479926,36178,2410557.44798,5960,2.0629426543,9.043E-05,23147968,171
2018-05-06,13960392.1487,10477080.698,2552,1367950080,80.53,67628600,2137.49999998,0.79326431,18541,2523629.25221,7518,113.214070887,5.302E-05,9613873,171
2018-05-07,6000525.70642,5199916.65199,1504,1320349056,77.72,26749600,2049.99999999,0.68104502,8601,2530722.3304,7148,357.980846677,1.785E-05,3096068,164
2018-05-08,5056374.9235,4374085.18117,1572,1253336320,73.77,24173700,1899.99999998,0.77356357,7207,2546316.09884,6444,194.865641543,1.92E-05,2934152,152
2018-05-09,9946398.57277,7500040.19303,1763,1217008640,71.62,24826900,1999.99999997,0.52464161,8740,2393451.73962,7929,223.492180266,1.93E-05,3779054,160
2018-05-10,9148521.46177,6360531.0334,1586,1195936384,70.37,21005700,1937.5,0.87100417,7971,2479384.68653,7172,356.416000376,1.93E-05,3182772,155
2018-05-11,11980240.6701,8581407.88304,1856,1098791424,64.65,34785000,2412.49999999,1.0698617,8618,2190075.899,7628,599.883267353,1.558E-05,3712441,193
2018-05-12,9120784.93546,7127434.20131,1605,966276608,56.84,22741400,2175,0.50770764,7819,2180871.21719,7051,319.991975206,1.66E-05,3084854,174
2018-05-13,6140428.7256,4531986.3981,1304,975324416,57.37,16482100,2112.5,0.68705575,6821,2127246.3939,6178,203.678742635,1.14E-05,2667068,169
2018-05-14,6982602.23709,5657586.92281,2993,1016647552,59.79,22368900,1912.49999999,0.76024862,30691,2176314.75305,6042,7.1484953895,0.00012043,19344257,153
2018-05-15,26153277.2399,24326598.0293,5188,993728064,58.44,34357600,1800,1.01974552,52258,1977335.38416,7382,1.7435030508,0.00012043,42428424,144
2018-05-16,22152870.4485,5900785.02682,4133,992018048,58.33,21224900,2337.5,1.68472213,79322,1960412.04262,7098,3.6753523012,0.00030041,74435583,187
2018-05-17,12076287.5726,6571729.62167,2097,1017119424,59.8,21261100,1787.49999999,0.60730673,34914,2348654.04814,4433,13.128792196,6.7E-05,19078235,143
2018-05-18,10016919.7209,7308845.74537,3930,905938752,53.26,20822400,1950,2.69460767,83431,2403022.25947,4211,1.9646793796,0.00024042,66984504,156
2018-05-19,3305867.339,2461110.26313,2808,922707712,54.24,13166900,1937.49999998,0.97109543,67216,1701316.72152,3948,1.9395996192,0.00024042,46586472,155
2018-05-20,3031888.55276,2703580.52487,802,904691968,53.17,14230500,1999.99999999,0.3037503,4086,1800111.68521,5022,251.748521109,2.012E-05,950825,160
2018-05-21,2471606.96138,1933676.09211,929,953560576,56.04,12601400,2024.99999999,0.54334353,4607,1873877.69428,5774,353.566057722,2.028E-05,1234740,162
2018-05-22,2150458.65239,1871708.61552,5353,917700864,53.92,11871600,2237.49999999,1.51939602,132659,1789363.55432,5305,1.294379256,0.00024042,99733725,179
2018-05-23,2322609.24637,1941732.75891,5916,861441472,50.61,16724500,1950,1.6370354,139054,1654534.27237,5985,1.1539773357,0.00024042,115608802,156
2018-05-24,2309035.74052,1811154.7321,3654,771993984,45.35,15457600,1999.99999999,1.19727753,88808,1596075.56744,6056,0.769868856,0.00023287,63205421,160
2018-05-25,7056183.14599,6707306.22198,3325,799961280,46.99,10904200,1999.99999998,1.0752087,93251,1596311.71456,5039,0.7449663028,0.00023137,56090682,160
2018-05-26,6999736.65683,4029328.0404,5454,770343552,45.24,10607800,2100,1.61894788,163837,1756438.03012,4424,0.6161289888,0.00023287,108844362,168
2018-05-27,961779.367846,879393.831853,1056,757122048,44.46,10054500,1999.99999998,0.42308685,24439,1900901.53393,4750,16.3069383204,2.299E-05,8152579,160
2018-05-28,2469820.64098,1925727.78849,1098,754812544,44.32,11881700,2062.49999999,0.5218019,4438,1628642.50243,6147,194.395284864,1.14E-05,1155933,165
2018-05-29,3492393.92023,2657084.69801,1043,689441792,40.48,14634600,1987.5,0.59531866,4064,1787751.76559,4907,94.098860768,1.09E-05,1173744,159
2018-05-30,2295942.12778,1794787.71794,1091,737374912,43.29,11323700,1787.49999999,0.80070958,4116,1633593.7341,4619,130.301946754,1E-05,1290711,143
2018-05-31,6424353.402,5939059.13227,2973,717878272,42.14,16443900,2012.49999999,0.83503516,94554,1656423.04813,5201,0.5159195986,0.00023438,45179193,161
2018-06-01,3820947.1424,3247414.32718,4662,755343680,44.33,13487000,2137.5,1.34707778,138770,1791353.3698,6255,0.5264369253,0.00023438,74017405,171
2018-06-02,2402926.04894,1635661.01993,963,747222016,43.85,13231300,2075,0.3297905,3753,1643121.43077,4231,87.69901776,1.34E-05,941701,166
2018-06-03,2838771.45419,2338424.00883,4101,773447168,45.38,16811300,1824.99999999,1.2163365,148352,1793546.80375,4810,0.502066168,0.00023739,76536340,146
2018-06-04,5112991.41565,4324130.1796,2730,798558400,46.85,17414900,1924.99999999,1.05807466,100393,1852683.01276,5656,0.5205986055,0.00023739,42782372,154
2018-06-05,1719659.24555,1553835.36486,859,755281664,44.31,14410700,1924.99999998,0.39656732,4030,1788952.95261,5209,153.658910122,1.672E-05,1183605,154
2018-06-06,3616364.11696,3100282.81118,854,779205760,45.7,13529300,1937.49999999,0.40759321,3923,1751481.97994,4847,128.298612322,1.09E-05,1700163,155
2018-06-07,3354186.21443,2773378.71959,841,767036352,44.99,11735500,1812.49999999,0.41862151,3757,1858618.55995,4434,142.536244089,1.09E-05,1140672,145
2018-06-08,4362831.46363,4167521.05542,844,767603776,45.01,14026800,1824.99999999,0.61771697,3988,1797655.21829,6279,178.959160917,1.115E-05,1076350,146
2018-06-09,3262874.02773,2575895.36871,917,748721984,43.9,11494000,1737.49999999,0.83918464,4047,1849946.22958,5512,147.424907126,1.42E-05,1131160,139
2018-06-10,6399643.86749,4612568.39546,1379,743736512,43.61,18470500,2449.99999996,0.80779527,4952,1732437.0557,5806,348.87925863,1.7E-05,1705807,196
2018-06-11,2289117.41179,1928321.16867,5898,619356288,36.31,12494400,1937.49999989,1.75118818,199769,1861521.24917,5180,0.3810364138,0.00023889,106309820,155
2018-06-12,13308188.1998,11188517.7574,4554,634965184,37.22,14100300,1874.99999994,1.55924838,197112,1902593.26403,6307,0.3800162,0.00023889,80944752,150
2018-06-13,16951172.4667,11116664.0989,2008,591264896,34.65,12752500,1762.49999987,1.25183418,49732,1904720.03625,5921,42.3615809925,5.221E-05,20479844,141
2018-06-14,8326014.68657,5806731.41476,2317,557541952,32.67,14021800,2024.99999978,1.01762174,86020,1796052.19002,5749,0.383287707,0.00028384,39478496,162
2018-06-15,5831830.00176,4795718.98947,2958,588245056,34.47,12128900,1837.49999989,0.96351033,98822,1748256.4559,4829,0.2895835041,0.00023137,49379527,147
2018-06-16,6045286.26696,5527544.21414,3697,552314304,32.36,10215900,2162.49999994,1.29944378,108904,1804195.93903,5546,0.2555504796,0.00023137,68334806,173
2018-06-17,12006498.3112,11237972.637,4400,557775488,32.68,9034540,2062.49999988,1.46523956,85520,1935498.40713,5171,0.2139742608,0.00023068,79459114,165
2018-06-18,19866783.8978,5959161.79046,1184,546869120,32.03,14186100,2024.9999997,0.60562122,19096,1859014.50195,4285,56.4400091896,3.697E-05,8447785,162
2018-06-19,12651360.3389,8046281.53381,3729,550636224,32.25,10952800,1924.99999994,1.17513986,75077,1827586.1294,3830,0.121587015,0.00023287,69587926,154
2018-06-20,12021793.9727,6651275.06561,806,567137024,33.21,12899000,1924.99999993,0.70990358,3852,1791365.43825,5886,194.933853852,1.277E-05,1258062,154
2018-06-21,8201866.35795,3822211.17551,807,542180480,31.75,11528700,1862.49999982,0.62959404,3783,1876110.73218,4542,174.595602357,1.45E-05,1224984,149
2018-06-22,3337552.42898,2047091.13745,945,540216960,31.63,12549900,1862.4999998,0.73372381,4187,1741387.95112,5459,315.947641484,1.09E-05,1406892,149
2018-06-23,22075546.0362,5077252.66161,900,449428448,26.31,9861810,2012.49999978,0.53842739,3507,1790952.65935,4969,324.149707162,9.65E-06,1229475,161
2018-06-24,3816723.5712,2751895.73429,860,439784704,25.74,12391100,1674.99999997,0.5863334,3406,1943454.0473,4116,201.689527783,1.265E-05,1068705,134
2018-06-25,2355164.62419,1450474.4613,2449,410259904,24.01,8861650,1999.99999985,1.15161229,16839,1712837.62313,5239,0.051851996,0.00022836,35705619,160
2018-06-26,11685782.456,3544586.03673,1370,439136032,25.7,9377090,1849.99999999,0.83116203,17490,1895552.56323,3888,93.522218788,0.0001,15274147,148
2018-06-27,4455746.08583,3974580.51493,848,416985600,24.4,8210370,1937.5,0.50713576,3530,1823974.87634,4502,203.163367976,9.65E-06,1267053,155
2018-06-28,1025356.64838,821571.198527,692,422896384,24.74,9298970,1962.49999999,0.37755301,3090,1736483.47767,3440,163.898198951,9.79E-06,890940,157
2018-06-29,2232014.75439,1226404.78687,693,400273472,23.42,9678440,1850,0.66345757,3047,1810429.6895,3562,164.201875648,1.006E-05,946676,148
2018-06-30,1812818.77901,936665.514711,827,416649504,24.37,12016800,1862.49999999,0.6398012,3246,1923568.7827,4858,220.964898736,1.013E-05,924615,149
2018-07-01,841109.341909,631112.69272,701,450394784,26.34,12607800,1762.5,0.50535033,3141,1908465.08028,4272,136.399466904,7.44E-06,978599,141
2018-07-02,605708.927368,468428.726656,758,460953536,26.96,16719900,1887.5,0.59971614,3246,1816527.0713,5085,121.338009819,1.085E-05,899290,151
2018-07-03,471537.42338,350370.919506,607,499819104,29.23,13432500,2262.49999994,0.94689209,3122,1284605.35832,5220,120.887397546,1.14E-05,1051634,181
2018-07-04,465438.784788,411449.831245,698,491810976,28.76,12865000,2137.49999992,0.50151345,2848,90346.6363489,4447,123.782031962,5.88E-06,846399,171
2018-07-05,1350970.84221,624424.096621,825,508341504,29.72,11143500,1862.49999987,1.04007255,4118,120653.098273,6155,138.713858362,5.8E-06,1231252,149
2018-07-06,1389309.01177,966446.24816,924,490346656,28.66,12468600,1824.99999991,0.99824964,3993,121753.841704,6914,163.379320384,7.77E-06,1002443,146
2018-07-07,1449712.55047,1127242.86896,762,511576512,29.9,15383000,1699.99999992,0.55173616,3498,123739.121383,5854,163.39885653,8.94E-06,907307,136
2018-07-08,1360957.70421,978575.663055,897,530182816,30.99,9954600,1899.99999996,0.77143119,3811,123267.381257,6866,142.714701434,1.18E-05,1128505,152
2018-07-09,2472944.04618,1882432.65405,964,521652448,30.48,12223400,1712.49999996,1.12493298,4187,141912.568221,7606,161.818570241,1.147E-05,1350531,137
2018-07-10,2077945.70164,1833468.84006,842,521002240,30.44,8713120,1812.49999991,0.82307901,5090,126675.155229,7583,251.052127479,1.155E-05,1642250,145
2018-07-11,64816498.3672,3796511.93032,922,469001984,27.4,8032830,1849.99999995,0.8313354,3930,137865.653131,7088,339.418633812,2.26E-05,1166833,148
2018-07-12,1454822.31181,1246163.68461,927,466339488,27.24,8771380,1687.49999992,0.77502854,3802,150594.753746,7213,114.84550845,1E-05,1302559,135
2018-07-13,1638210.33135,1329437.58778,963,506198368,29.57,11686700,1887.49999993,0.86430497,4426,122872.298294,6862,149.360290116,1.353E-05,1347293,151
2018-07-14,841445.524341,708538.5707,689,471326400,27.53,6831280,1787.49999994,0.90704294,3572,128710.848694,6278,137.622423474,1.168E-05,974221,143
2018-07-15,3213388.14615,2724304.11092,1184,488856928,28.55,11321300,1812.49999992,1.15763525,5796,152493.339651,7766,247.385640939,2.495E-05,2383670,145
2018-07-16,1210512.60472,1122290.35939,890,482808768,28.19,9442970,1762.49999989,1.00877865,4061,143232.783254,7858,124.146306624,1.53E-05,1348712,141
2018-07-17,7418545.09425,6660512.20665,967,508498016,29.69,13527500,1712.49999998,1.17402966,4329,127878.294096,7613,193.985423552,1.455E-05,1507094,137
2018-07-18,11697962.0294,10342398.3646,1050,538782080,31.46,11376200,1824.99999998,1.48968257,4458,137483.694816,7838,176.451009163,1.67E-05,2094440,146
2018-07-19,4501301.25815,3515157.48657,879,535225440,31.24,9516590,1862.49999996,0.76566859,4164,133004.48898,6771,230.822716212,1.9E-05,1171379,149
2018-07-20,4263733.33887,3670171.72621,805,529193536,30.89,9588410,1812.4999999,1.33240176,4144,151665.498984,8535,273.481755822,1.66E-05,1415982,145
2018-07-21,1209411.97151,994338.20356,695,477865120,27.89,7355940,1824.9999999,0.83488412,3985,143871.334062,8682,127.534270543,1.41E-05,1228937,146
2018-07-22,1493252.27507,1165529.7579,718,495579456,28.92,10237700,1687.49999993,1.05395017,3893,137625.787333,7068,179.944245998,1.528E-05,1095069,135
2018-07-23,5738119.72255,5098623.66198,1038,488648192,28.51,30682300,1837.49999994,1.05390063,4655,137262.154722,7155,313.633364515,2.26E-05,1424597,147
2018-07-24,3931258.48384,3266068.48509,974,525836128,30.68,24033300,1762.49999993,1.03403942,4545,149647.585162,8599,236.34182299,1.568E-05,1535299,141
2018-07-25,3379486.74719,2574687.74792,995,543921728,31.73,12428800,1837.49999995,1.09521679,4824,118900.542317,9175,177.285194948,1.699E-05,1571611,147
2018-07-26,2663674.06051,2148031.57843,890,525268704,30.64,11147300,1824.99999994,0.99601227,4697,146995.493421,8838,168.054554501,1.613E-05,1429397,146
2018-07-27,2860269.63559,2582918.96934,834,508516416,29.66,16763500,1812.49999995,0.99025038,4463,142865.284667,8856,150.723222,1.402E-05,1230870,145
2018-07-28,2457954.62313,2229103.97911,735,545159360,31.79,8720480,1699.99999992,0.85870314,3952,136333.396671,7302,144.90684475,1.478E-05,1262678,136
2018-07-29,3083905.71671,2885112.0578,840,522924192,30.49,17609600,1962.49999996,1.13674842,4627,138457.810618,8982,158.525222445,1.935E-05,1353794,157
2018-07-30,1881242.51939,1529103.01198,885,576449526,33.61,10120100,1599.99999994,1.07932777,5454,194002.557898,7883,246.293694829,1.67E-05,1561911,128
2018-07-31,2467190.25435,1912342.94779,980,489333491,28.53,11556000,1849.99999989,1.3466134,4955,129085.143472,8243,281.636951704,1.702E-05,2487052,148
2018-08-01,1590145.01008,1310426.35682,991,480457934,28.01,8412570,1849.99999993,1.26890147,9363,133064.017731,10100,233.690382814,1.369E-05,5808851,148
2018-08-02,2169155.53517,1857733.40847,916,475076273,27.69,9541590,1599.99999997,1.01047012,6631,154501.966444,7577,177.811517754,1.488E-05,5360555,128
2018-08-03,3511011.23075,2869624.84489,1036,441040734,25.71,10327000,1837.5,1.30267204,9307,127775.60667,9149,243.905552927,2.157E-05,5880132,147
2018-08-04,1926662.60835,1788742.28173,780,423344063,24.67,5959840,1762.49999998,1.13091591,9257,130450.40288,8877,104.948481218,1.93E-05,4554539,141
2018-08-05,1850739.54552,1649827.22897,880,415299436,24.2,9685280,1824.99999994,1.09040649,16955,150183.754394,8907,137.33987509,2.26E-05,6886200,146
2018-08-06,6101914.05438,4878291.38445,1348,437773616,25.51,16173300,1849.99999993,1.10447004,15551,143498.130143,8700,268.127694247,1.92E-05,6096977,148
2018-08-07,6230395.78133,5013904.31596,1027,444029161,25.87,10909000,1849.99999995,1.28326121,4549,144679.905285,9922,219.907207277,1.589E-05,1686421,148
2018-08-08,7433952.67226,6952014.0638,971,407439036,23.73,9227830,1687.49999992,1.28742302,4615,151245.290041,8454,235.403271304,1.301E-05,1595341,135
2018-08-09,2735816.62505,2497578.7802,872,373414145,21.75,8339530,1887.49999996,1.02877963,4261,159065.123504,9638,182.957614178,1.294E-05,1502649,151
2018-08-10,2434461.06805,1735754.6844,809,388180914,22.61,7430280,1749.99999993,0.98466254,4314,146558.949785,8133,187.541438013,1.202E-05,1491503,140
2018-08-11,1910497.55558,1739913.73081,734,362503375,21.11,7161000,1774.99999995,0.82554519,4017,141575.482536,8828,176.922502788,1.401E-05,1519769,142
2018-08-12,2131948.20425,1932220.10056,755,346284574,20.16,6157910,1937.49999996,1.20542801,3976,148573.519188,9060,132.298449494,1.314E-05,1344996,155
